SNP,EA,OA,EAF,beta.exposure,se.exposure,pval.exposure,beta.outcome,se.outcome,pval.outcome
rs113341849,A,G,0.11937,-0.1037,0.012479,9.593e-17,-0.0226956079321885,0.053956,0.699311
rs3184504,C,T,0.62138,-0.0935,0.008318,2.567e-29,-0.244929143386132,0.028327,9.04e-11
rs55990593,G,A,0.26535,-0.0501,0.009174,4.73e-08,0.0283998785216164,0.043851,0.525858
rs6532086,A,G,0.49372,0.0689,0.008091,1.65e-17,0.117346495942342,0.040378,0.001736
