SNP,EA,OA,EAF,beta.CXCL10,se.CXCL10,pval.CXCL10,beta.CXCL9,se.CXCL9,pval.CXCL9,beta.CXCL11,se.CXCL11,pval.CXCL11,beta.LADA,se.LADA,pval.LADA
rs10822155,A,C,0.418529,-0.0003 ,0.0084 ,9.71E-01,-0.0040 ,0.0080 ,6.16E-01,0.1043 ,0.0080 ,1.78E-38,-0.0361 ,0.0350 ,3.40E-01
rs113341849,A,G,0.118379,-0.1037 ,0.0125 ,9.59E-17,-0.0707 ,0.0123 ,8.17E-09,-0.0624 ,0.0124 ,4.42E-07,-0.0227 ,0.0540 ,6.99E-01
rs114694170,C,T,0.059788,-0.0012 ,0.0149 ,9.36E-01,-0.0110 ,0.0144 ,4.44E-01,-0.0999 ,0.0145 ,5.23E-12,0.1218 ,0.0823 ,1.23E-01
rs12075,A,G,0.577026,-0.0077 ,0.0082 ,3.47E-01,-0.0073 ,0.0080 ,3.63E-01,-0.0716 ,0.0081 ,8.99E-19,0.0240 ,0.0369 ,5.24E-01
rs12767683,A,C,0.302159,-0.0013 ,0.0089 ,8.84E-01,0.0121 ,0.0090 ,1.79E-01,-0.1412 ,0.0091 ,1.85E-54,-0.0529 ,0.0366 ,1.90E-01
rs3184504,C,T,0.492542,-0.0935 ,0.0083 ,2.57E-29,-0.0712 ,0.0082 ,3.28E-18,-0.1011 ,0.0082 ,1.15E-34,-0.2449 ,0.0283 ,9.04E-11
rs4783187,C,T,0.870711,0.0002 ,0.0105 ,9.85E-01,0.0124 ,0.0121 ,3.04E-01,0.0940 ,0.0121 ,1.01E-14,0.0192 ,0.0534 ,7.30E-01
rs55990593,G,A,0.232833,-0.0501 ,0.0092 ,4.73E-08,-0.0434 ,0.0090 ,1.51E-06,-0.0280 ,0.0091 ,2.03E-03,0.0284 ,0.0439 ,5.26E-01
rs595585,T,C,0.591877,0.0069 ,0.0082 ,4.03E-01,-0.0008 ,0.0085 ,9.25E-01,0.0540 ,0.0081 ,3.10E-11,0.0573 ,0.0385 ,1.32E-01
rs6532086,A,G,0.51535,0.0689 ,0.0081 ,1.65E-17,0.0029 ,0.0079 ,7.15E-01,-0.3125 ,0.0064 ,1.00E-200,0.1173 ,0.0404 ,1.74E-03
rs9501587,A,G,0.161403,-0.0532 ,0.0116 ,4.13E-06,-0.0532 ,0.0113 ,2.71E-06,-0.0673 ,0.0114 ,4.00E-09,-0.2826 ,0.0396 ,4.04E-07
