SNP,EA,OA,EAF,beta.exposure,se.exposure,pval.exposure,beta.outcome,se.outcome,pval.outcome
rs2229527,G,T,0.092925,0.919426211,0.144744,2.56e-50,0.0174,0.015888,0.273455
rs2476601,G,A,0.879143,-0.540372876,0.030823,7.21e-22,-0.0326,0.01194,0.006327
rs2516494,T,C,0.233096,0.329251228,0.059319,2.15e-13,-0.0231,0.010253,0.024256
rs3104404,A,C,0.137531,-0.674029101,0.027956,8.26e-31,-0.0169,0.012429,0.173923
rs689,T,A,0.748756,0.39387082,0.061262,1.07e-19,-0.003,0.009176,0.743707
rs7310615,G,C,0.492991,-0.250197481,0.028378,4.92e-11,-0.0927,0.008322,8.055e-29
rs9273368,A,G,0.346696,1.136150176,0.132392,7.87e-143,-0.0204,0.009248,0.027391
