SNP,EA,OA,EAF,beta.exposure,se.exposure,pval.exposure,beta.outcome,se.outcome,pval.outcome,
rs2229527,G,T,0.092925,0.919426211,0.144744,2.56E-50,0.012,0.01594,0.451569,40.34898558
rs2476601,G,A,0.879143,-0.540372876,0.030823,7.21E-22,-0.0163,0.012017,0.174955,307.3528683
rs2516494,T,C,0.233096,0.329251228,0.059319,2.15E-13,0.0048,0.010252,0.639645,30.80825957
rs3104404,A,C,0.137531,-0.674029101,0.027956,8.26E-31,-0.0341,0.01248,0.006286,581.3092469
rs689,T,A,0.748756,0.39387082,0.061262,1.07E-19,-0.0088,0.009229,0.340305,41.3356977
rs7310615,G,C,0.492991,-0.250197481,0.028378,4.92E-11,-0.019,0.008344,0.022778,77.73243941
rs9273368,A,G,0.346696,1.136150176,0.132392,7.87E-143,0.0058,0.009182,0.527587,73.64580171
