SNP,EA,OA,EAF,beta.exposure,se.exposure,pval.exposure,beta.outcome,se.outcome,pval.outcome
rs2229527,G,T,0.092925,0.919426211,0.144744,2.56e-50,0.0201,0.016019,0.209552
rs2476601,G,A,0.879143,-0.540372876,0.030823,7.21e-22,-0.0147,0.012014,0.221123
rs2516494,T,C,0.233096,0.329251228,0.059319,2.15e-13,4e-04,0.009425,0.966146
rs3104404,A,C,0.137531,-0.674029101,0.027956,8.26e-31,-0.0321,0.012503,0.010246
rs689,T,A,0.748756,0.39387082,0.061262,1.07e-19,-0.0127,0.009274,0.170876
rs7310615,G,C,0.492991,-0.250197481,0.028378,4.92e-11,-0.0237,0.008348,0.004527
rs9273368,A,G,0.346696,1.136150176,0.132392,7.87e-143,0.0057,0.009228,0.536786
