SNP,EA,OA,EAF,beta.exposure,se.exposure,pval.exposure,beta.outcome,se.outcome,pval.outcome
rs11024589,C,A,0.06935,-0.7464,0.012782,1e-200,-0.121320535236556,0.048334,0.036644
rs11208691,G,A,0.39315,-0.1328,0.008287,8.588e-58,-0.0508102531760065,0.035252,0.189544
rs12133641,G,A,0.41476,-0.0621,0.008286,6.65e-14,-0.0595398354100222,0.034021,0.113958
rs12282271,G,A,0.42148,-0.1055,0.008316,7.046e-37,-0.084845723710448,0.033487,0.025743
rs1818737,T,C,0.26257,0.0813,0.009358,3.703e-18,0.0806080862784664,0.045942,0.070128
rs1864163,A,G,0.25315,-0.0758,0.009305,3.762e-16,0.0465896495740303,0.043041,0.279469
rs429358,C,T,0.17407,-0.0593,0.010791,3.901e-08,-0.0470371016817953,0.047693,0.374071
rs6445035,A,G,0.1904,0.1423,0.010276,1.309e-43,-0.00502058205687191,0.044178,0.914401
rs6509571,T,C,0.38806,-0.0566,0.008294,8.826e-12,-0.00381125360899557,0.037773,0.923373
rs76204461,T,C,0.13626,0.1958,0.01199,5.961e-60,0.0405582797505718,0.070254,0.577365
