SNP,EA,OA,EAF,beta.exposure,se.exposure,pval.exposure,beta.outcome,se.outcome,pval.outcome
rs11024589,C,A,0.06935,-0.5964,0.013165,1e-200,-0.121320535236556,0.048334,0.036644
rs11208691,G,A,0.39315,-0.14,0.008256,1.705e-64,-0.0508102531760065,0.035252,0.189544
rs12282271,G,A,0.42148,-0.0957,0.008235,3.198e-31,-0.084845723710448,0.033487,0.025743
rs1371135,C,T,0.70106,0.0795,0.008859,2.854e-19,-0.00758771403159447,0.039475,0.855444
rs1818737,T,C,0.26257,0.0805,0.009271,3.858e-18,0.0806080862784664,0.045942,0.070128
rs34927905,T,C,0.34213,0.048,0.008591,2.306e-08,0.00589956330364622,0.039697,0.886423
rs4129267,T,C,0.41481,-0.0656,0.008255,1.916e-15,-0.0587303545740146,0.034162,0.120234
rs546886,T,A,0.11582,0.077,0.012629,1.081e-09,-0.0011857026676623,0.054963,0.98384
rs6445035,A,G,0.1904,0.1668,0.010245,1.348e-59,-0.00502058205687191,0.044178,0.914401
rs76204461,T,C,0.13626,0.1732,0.011882,3.931e-48,0.0405582797505718,0.070254,0.577365
rs8192300,A,G,0.31745,0.0548,0.008661,2.5e-10,0.0207169150900397,0.038878,0.602796
rs9939224,G,T,0.7836,0.0754,0.009811,1.524e-14,-0.0119349388855496,0.043991,0.798934
